,536,537,538,539,540,541,542,543,544,545,546,547,548,549,550,551,552,553,554,555,556,557,558,559,560,561,562,563,564,565,566,567,568,569,570,571,572,573,574,575,576,577,578,579,580,581,582,583,584,585
0,attr,attr,n,attr,attr,attr,attr,attr,attr,attr,attr,attr,n,n,n,n,n,n,n,n,n,n,n,n,n,n,n,n,n,n,n,n,n,n,n,n,n,n,n,n,n,n,n,n,n,n,n,n,n,n
1,attr,attr,n,attr,attr,attr,attr,attr,attr,attr,attr,attr,n,n,n,n,n,n,n,n,n,n,n,n,n,n,n,n,n,n,n,n,n,n,n,attr,n,attr,n,attr,n,n,n,n,n,n,n,n,n,n
2,n,n,n,n,n,n,n,n,n,n,n,n,n,n,n,n,n,n,n,n,n,n,n,n,n,n,n,n,n,n,n,n,n,n,n,n,n,n,n,n,n,n,n,n,n,attr,n,n,n,n
3,n,n,n,n,n,n,n,n,n,n,n,n,n,n,n,n,n,n,n,n,n,n,n,n,n,n,n,n,n,n,n,n,n,n,n,n,n,n,n,n,n,n,n,n,n,n,n,n,n,n
4,n,n,n,n,n,n,n,n,n,n,n,n,n,n,n,n,n,n,n,n,n,n,n,n,n,n,n,n,n,n,n,n,n,n,n,n,n,n,n,n,n,n,n,n,n,n,n,n,n,n
5,n,n,n,n,n,n,n,n,n,n,n,n,n,n,n,n,n,n,n,n,n,n,n,n,n,n,n,n,n,n,n,n,n,n,n,n,n,n,n,n,n,n,n,n,n,n,n,n,n,n
6,n,n,n,n,n,n,n,n,n,n,n,n,n,n,n,n,n,n,n,n,n,n,n,n,n,n,n,n,n,n,n,n,n,n,n,n,n,n,n,n,n,n,n,n,n,n,n,n,n,n
7,n,n,n,n,n,n,n,n,n,n,n,n,n,n,n,n,n,n,n,n,n,n,n,n,n,n,n,attr,n,n,n,n,n,n,n,n,n,n,n,n,n,n,n,n,n,n,attr,n,n,n
8,n,n,n,n,n,n,n,n,n,n,n,n,n,n,n,n,n,n,n,attr,n,n,n,n,n,n,n,n,n,n,n,n,n,n,n,n,n,n,n,n,n,n,n,n,n,n,n,n,n,n
9,n,n,n,n,n,n,n,n,n,n,n,n,n,n,n,n,n,n,n,n,n,n,n,n,n,n,n,n,n,n,n,n,n,n,n,attr,n,n,n,attr,attr,n,attr,attr,n,n,n,n,n,n
10,n,n,n,n,n,n,n,n,n,n,n,n,n,n,n,attr,n,n,attr,n,n,n,n,n,n,n,n,n,n,n,n,n,n,n,n,n,n,n,n,n,n,n,n,n,n,n,n,n,n,n
11,n,n,n,attr,n,attr,n,n,n,n,n,n,n,n,n,n,n,n,n,n,n,n,n,n,n,n,n,n,n,n,n,n,n,n,n,n,attr,attr,attr,n,n,n,n,n,n,n,n,n,n,n
12,attr,n,n,n,n,n,n,n,n,n,n,n,n,n,n,n,n,n,n,n,n,n,n,n,n,n,n,n,n,attr,n,n,n,attr,n,n,n,n,n,n,n,n,n,n,n,n,n,n,n,n
13,n,n,n,n,n,n,n,n,n,n,n,n,n,n,n,n,n,n,n,n,n,n,n,n,n,n,n,n,n,n,n,n,n,n,n,n,n,n,n,attr,n,n,n,n,n,n,n,attr,n,n
14,n,n,n,n,n,n,n,n,n,n,n,n,n,n,n,n,n,n,n,n,n,n,n,n,n,n,n,n,n,n,n,n,n,n,n,n,attr,n,n,n,n,attr,n,n,attr,n,n,n,n,n
15,n,n,n,n,n,n,n,attr,n,n,n,n,n,n,n,n,n,n,attr,n,n,n,n,n,n,n,n,n,n,n,n,n,n,n,n,n,n,n,n,n,n,n,n,n,n,,attr,n,n,n
16,n,n,n,attr,n,n,n,n,n,n,n,attr,n,n,n,attr,n,n,n,n,attr,n,n,n,n,n,n,n,n,n,n,n,n,n,n,n,attr,n,n,n,n,n,n,attr,n,,n,n,n,n
17,n,n,n,n,n,attr,n,n,n,n,n,n,n,n,n,n,n,n,n,n,n,n,n,n,n,n,n,n,n,n,n,n,n,n,n,n,n,n,n,n,attr,n,n,n,n,,n,n,n,n
18,attr,n,n,n,n,n,n,n,n,n,attr,n,n,n,n,n,attr,n,n,n,n,n,n,n,n,n,n,n,attr,attr,n,attr,n,n,n,n,n,n,n,n,n,n,n,n,n,,n,n,n,n
19,n,n,n,n,n,n,n,n,n,n,n,n,n,n,n,n,n,n,n,n,n,n,n,n,n,n,n,n,n,n,n,n,n,attr,n,n,n,n,n,n,n,attr,n,n,n,,n,n,n,n
20,n,n,n,n,attr,n,n,n,n,attr,n,n,n,n,n,n,n,n,n,n,n,n,attr,n,n,n,n,attr,n,n,n,n,n,n,n,n,n,n,n,n,n,n,attr,n,n,,n,n,n,n
21,n,n,n,n,n,n,attr,n,n,n,n,n,n,n,n,n,n,n,n,n,n,n,n,n,n,n,n,n,n,n,n,n,n,n,n,n,n,n,n,n,n,n,n,n,n,,n,n,n,n
22,attr,n,n,n,n,n,n,attr,n,n,n,attr,n,n,n,n,n,n,n,n,n,attr,n,n,n,n,n,n,n,n,n,n,n,attr,n,n,attr,attr,n,n,n,n,n,n,attr,,n,n,n,attr
23,n,n,n,n,n,attr,n,n,n,n,n,n,n,n,n,n,n,n,n,n,n,n,n,n,n,n,n,n,attr,n,n,attr,n,n,n,n,n,n,n,n,n,n,n,n,n,,n,n,n,n
24,n,n,n,n,n,n,n,n,n,n,n,n,n,n,n,n,n,n,n,n,n,n,n,n,n,attr,n,n,n,n,n,n,n,attr,n,n,n,n,n,attr,n,n,n,n,n,,n,n,n,n
25,n,n,n,n,n,n,n,n,n,n,n,n,n,n,n,n,n,n,n,n,n,n,n,n,n,n,n,n,n,attr,attr,n,attr,n,n,n,n,n,n,n,attr,n,n,n,n,,n,n,n,n
26,n,,,n,n,n,n,n,attr,n,n,n,n,n,n,n,n,n,n,n,n,n,n,n,n,n,n,n,n,n,n,n,n,n,n,n,n,n,n,n,n,n,n,n,n,,n,n,n,n
27,n,,,n,n,n,attr,n,n,n,n,n,n,n,n,n,n,n,n,n,n,n,n,n,n,n,n,n,n,n,n,n,n,n,n,attr,n,n,n,n,n,n,n,n,n,,n,n,n,n
28,n,,,n,n,n,n,n,n,n,n,n,n,n,n,n,n,n,n,n,n,n,n,n,n,n,n,n,n,n,n,n,n,n,n,n,n,n,n,n,n,n,n,n,n,,n,n,,n
29,n,,,n,n,n,n,n,n,n,n,n,n,n,n,n,n,n,attr,n,n,n,n,n,n,n,n,n,n,n,n,n,n,n,n,n,n,n,n,attr,attr,n,attr,n,n,,n,n,,n
30,n,,,n,n,n,n,n,n,n,n,n,n,n,n,n,n,n,n,n,n,n,n,n,n,n,n,n,n,n,n,n,n,n,n,n,n,n,,n,n,n,n,n,n,,n,n,,n
31,n,,,n,n,n,n,n,n,n,n,n,n,n,n,n,n,n,n,n,n,n,attr,n,n,n,n,n,attr,n,n,n,n,n,n,n,n,n,,n,n,n,n,n,n,,n,n,,n
32,n,,,n,n,n,n,n,n,n,n,n,n,n,n,n,n,n,n,n,n,n,n,n,n,n,n,n,n,n,,n,n,n,n,n,n,n,,n,n,n,n,n,n,,n,n,,n
33,attr,,,n,n,n,n,n,n,n,n,n,n,n,n,n,n,n,n,n,n,n,n,n,n,n,n,n,attr,attr,,n,n,n,n,n,n,n,,n,n,n,n,n,n,,n,n,,n
34,n,,,n,n,attr,n,,n,n,n,n,n,n,n,n,n,n,n,n,n,n,n,n,n,n,n,n,n,n,,n,n,n,n,n,n,n,,n,n,n,n,n,n,,n,n,,n
35,n,,,n,n,n,n,,n,n,n,n,n,n,n,n,,n,n,n,n,n,n,n,n,n,n,n,n,n,,n,n,n,n,n,attr,n,,n,n,n,n,n,n,,n,,,n
36,n,,,n,n,n,n,,n,n,,n,n,attr,n,n,,attr,n,n,n,n,n,n,n,n,n,n,n,n,,n,n,n,n,n,n,n,,n,n,n,n,n,n,,n,,,n
37,n,,,n,n,n,n,,n,n,,n,n,n,n,n,,n,n,n,n,n,n,n,n,n,n,n,attr,n,,n,,n,n,n,n,n,,n,n,n,n,n,n,,,,,n
38,n,,,n,n,n,n,,n,n,,n,n,n,n,n,,n,n,n,n,n,n,n,n,n,n,attr,n,n,,n,,n,n,n,attr,n,,n,n,n,n,n,n,,,,,n
39,n,,,n,n,n,n,,n,n,,n,n,n,n,n,,n,n,n,n,n,n,n,n,n,n,n,n,n,,n,,n,n,n,n,n,,n,n,n,n,n,n,,,,,n
40,n,,,n,,attr,n,,n,n,,n,n,n,n,n,,n,n,n,n,n,n,n,n,n,n,n,n,n,,n,,n,n,n,n,n,,n,n,n,n,n,n,,,,,n
41,n,,,n,,n,n,,n,n,,n,n,n,n,n,,n,n,n,n,n,n,n,n,n,n,attr,attr,n,,n,,,n,n,n,n,,n,n,n,n,n,n,,,,,n
42,n,,,n,,n,n,,n,n,,n,n,n,n,n,,n,n,n,n,n,n,n,n,n,n,n,n,n,,n,,,n,n,n,n,,n,n,n,n,n,,,,,,n
43,n,,,n,,n,n,,n,n,,n,n,n,n,n,,n,n,n,n,n,n,n,n,n,n,n,n,n,,n,,,,n,n,n,,n,n,n,n,n,,,,,,n
44,n,,,n,,n,n,,n,n,,n,n,n,n,n,,n,n,n,n,n,n,n,n,n,n,n,n,n,,n,,,,n,n,n,,n,n,n,n,n,,,,,,n
45,n,,,n,,n,n,,n,,,n,n,n,n,n,,n,n,n,n,n,n,n,n,n,n,attr,,n,,n,,,,n,n,n,,n,n,n,n,n,,,,,,n
46,,,,n,,n,n,,n,,,n,n,n,n,n,,n,n,attr,n,n,n,n,n,n,n,n,,n,,n,,,,n,attr,n,,n,n,n,n,n,,,,,,n
47,,,,n,,n,n,,n,,,n,n,n,attr,n,,n,n,n,n,n,n,n,n,attr,n,n,,n,,n,,,,n,n,n,,n,attr,n,n,,,,,,,n
48,,,,n,,n,n,,n,,,n,n,n,n,n,,n,n,n,n,,,n,n,n,n,,,n,,n,,,,n,n,n,,n,n,n,n,,,,,,,n
49,,,,n,,n,n,,n,,,n,n,attr,n,n,,n,n,n,n,,,n,n,n,n,,,n,,n,,,,n,n,n,,n,attr,n,n,,,,,,,n
50,,,,n,,n,n,,n,,,n,n,n,attr,n,,n,n,n,n,,,n,n,n,attr,,,n,,n,,,,n,n,n,,n,,attr,n,,,,,,,n
51,,,,n,,n,n,,n,,,n,n,n,n,n,,n,n,n,n,,,n,n,n,n,,,n,,n,,,,n,n,n,,n,,n,n,,,,,,,n
52,,,,n,,,n,,attr,,,n,n,n,n,n,,n,n,n,n,,,n,n,n,n,,,n,,n,,,,n,n,n,,n,,n,n,,,,,,,n
53,,,,n,,,n,,n,,,n,n,n,attr,n,,n,n,n,n,,,n,n,n,n,,,n,,n,,,,n,attr,n,,n,,n,n,,,,,,,n
54,,,,n,,,n,,n,,,n,n,n,n,,,n,n,n,n,,,n,n,n,n,,,n,,n,,,,n,n,n,,n,,n,n,,,,,,,n
55,,,,n,,,n,,n,,,n,n,n,n,,,n,n,n,n,,,n,n,n,n,,,n,,n,,,,n,n,n,,n,,n,n,,,,,,,n
56,,,,n,,,n,,n,,,n,n,n,n,,,n,n,n,n,,,n,n,n,n,,,n,,n,,,,n,n,n,,n,,attr,n,,,,,,,n
57,,,,n,,,n,,n,,,n,n,,n,,,n,n,n,attr,,,n,n,n,n,,,n,,n,,,,n,attr,n,,n,,n,n,,,,,,,n
58,,,,n,,,n,,,,,n,n,,n,,,n,n,n,n,,,n,n,n,attr,,,n,,n,,,,n,n,n,,n,,n,n,,,,,,,n
59,,,,n,,,n,,,,,,n,,attr,,,n,n,n,n,,,n,n,n,n,,,n,,n,,,,n,n,n,,n,,n,n,,,,,,,n
60,,,,n,,,n,,,,,,n,,n,,,n,n,n,,,,n,n,n,n,,,n,,n,,,,n,n,n,,n,,n,n,,,,,,,n
61,,,,n,,,n,,,,,,n,,n,,,n,n,n,,,,n,n,,n,,,n,,n,,,,n,n,n,,n,,n,n,,,,,,,n
62,,,,n,,,n,,,,,,n,,n,,,n,n,n,,,,n,n,,,,,n,,n,,,,n,n,n,,n,,n,n,,,,,,,n
63,,,,n,,,n,,,,,,n,,n,,,n,n,n,,,,n,n,,,,,n,,n,,,,attr,n,n,,n,,n,attr,,,,,,,n
64,,,,n,,,n,,,,,,n,,n,,,n,n,n,,,,n,n,,,,,n,,n,,,,n,attr,n,,n,,n,n,,,,,,,n
65,,,,n,,,n,,,,,,n,,n,,,n,n,n,,,,n,n,,,,,n,,n,,,,n,n,n,,n,,n,n,,,,,,,n
66,,,,n,,,n,,,,,,n,,n,,,n,n,n,,,,n,n,,,,,n,,n,,,,n,n,n,,n,,n,n,,,,,,,n
67,,,,n,,,n,,,,,,n,,n,,,n,attr,n,,,,n,n,,,,,n,,attr,,,,n,n,n,,n,,n,n,,,,,,,n
68,,,,n,,,n,,,,,,n,,n,,,n,n,n,,,,n,n,,,,,n,,n,,,,n,n,n,,n,,n,n,,,,,,,n
69,,,,attr,,,n,,,,,,n,,n,,,n,n,n,,,,n,n,,,,,n,,n,,,,n,n,n,,n,,n,n,,,,,,,n
70,,,,n,,,n,,,,,,n,,n,,,n,n,n,,,,n,n,,,,,n,,n,,,,n,n,n,,n,,n,n,,,,,,,n
71,,,,n,,,n,,,,,,n,,n,,,n,n,n,,,,n,n,,,,,,,n,,,,n,n,n,,n,,n,n,,,,,,,n
72,,,,n,,,n,,,,,,n,,n,,,n,n,n,,,,n,n,,,,,,,n,,,,n,n,n,,attr,,n,n,,,,,,,n
73,,,,n,,,n,,,,,,n,,n,,,n,n,n,,,,n,n,,,,,,,n,,,,n,n,n,,n,,n,n,,,,,,,n
74,,,,n,,,n,,,,,,n,,n,,,n,n,n,,,,n,n,,,,,,,n,,,,n,n,n,,n,,n,n,,,,,,,n
75,,,,n,,,n,,,,,,n,,n,,,n,n,n,,,,n,n,,,,,,,attr,,,,n,n,n,,n,,n,,,,,,,,n
76,,,,n,,,n,,,,,,n,,n,,,n,n,n,,,,n,n,,,,,,,n,,,,n,n,,,n,,n,,,,,,,,n
77,,,,n,,,n,,,,,,n,,n,,,n,n,n,,,,n,n,,,,,,,n,,,,n,n,,,n,,attr,,,,,,,,n
78,,,,n,,,n,,,,,,n,,n,,,n,n,n,,,,n,n,,,,,,,n,,,,n,n,,,n,,n,,,,,,,,n
79,,,,n,,,n,,,,,,n,,n,,,n,n,n,,,,n,n,,,,,,,n,,,,n,n,,,n,,n,,,,,,,,n
80,,,,n,,,attr,,,,,,n,,n,,,n,n,n,,,,n,,,,,,,,n,,,,n,n,,,n,,attr,,,,,,,,n
81,,,,n,,,n,,,,,,n,,attr,,,n,n,n,,,,n,,,,,,,,n,,,,n,n,,,n,,n,,,,,,,,n
82,,,,n,,,n,,,,,,n,,n,,,n,n,n,,,,n,,,,,,,,n,,,,n,n,,,n,,n,,,,,,,,n
83,,,,n,,,n,,,,,,n,,n,,,n,n,n,,,,n,,,,,,,,n,,,,n,n,,,n,,n,,,,,,,,n
84,,,,n,,,n,,,,,,n,,n,,,n,n,n,,,,,,,,,,,,n,,,,n,n,,,n,,n,,,,,,,,n
85,,,,n,,,n,,,,,,n,,n,,,n,n,n,,,,,,,,,,,,n,,,,n,n,,,n,,n,,,,,,,,n
86,,,,n,,,n,,,,,,n,,n,,,n,n,n,,,,,,,,,,,,n,,,,n,n,,,n,,n,,,,,,,,n
87,,,,attr,,,n,,,,,,n,,n,,,n,n,n,,,,,,,,,,,,n,,,,n,n,,,n,,n,,,,,,,,n
88,,,,n,,,n,,,,,,n,,attr,,,n,n,n,,,,,,,,,,,,n,,,,n,n,,,n,,attr,,,,,,,,n
89,,,,n,,,n,,,,,,n,,n,,,n,n,n,,,,,,,,,,,,n,,,,n,attr,,,n,,n,,,,,,,,n
90,,,,n,,,,,,,,,n,,n,,,n,n,n,,,,,,,,,,,,n,,,,n,n,,,n,,n,,,,,,,,n
91,,,,n,,,,,,,,,n,,n,,,n,n,n,,,,,,,,,,,,n,,,,n,n,,,n,,n,,,,,,,,n
92,,,,n,,,,,,,,,n,,n,,,n,n,n,,,,,,,,,,,,n,,,,n,n,,,n,,n,,,,,,,,n
93,,,,n,,,,,,,,,n,,n,,,n,n,n,,,,,,,,,,,,n,,,,n,n,,,n,,n,,,,,,,,n
94,,,,n,,,,,,,,,n,,n,,,n,n,n,,,,,,,,,,,,n,,,,n,n,,,n,,n,,,,,,,,n
95,,,,n,,,,,,,,,n,,n,,,n,n,n,,,,,,,,,,,,n,,,,n,n,,,n,,n,,,,,,,,n
96,,,,n,,,,,,,,,n,,n,,,n,n,,,,,,,,,,,,,n,,,,n,attr,,,n,,n,,,,,,,,n
97,,,,n,,,,,,,,,n,,n,,,n,n,,,,,,,,,,,,,n,,,,n,n,,,n,,n,,,,,,,,n
98,,,,n,,,,,,,,,n,,n,,,n,,,,,,,,,,,,,,n,,,,n,n,,,n,,n,,,,,,,,n
99,,,,n,,,,,,,,,n,,n,,,n,,,,,,,,,,,,,,n,,,,n,n,,,n,,n,,,,,,,,n
100,,,,n,,,,,,,,,n,,n,,,n,,,,,,,,,,,,,,n,,,,n,n,,,n,,n,,,,,,,,n
101,,,,n,,,,,,,,,n,,attr,,,n,,,,,,,,,,,,,,n,,,,n,n,,,n,,n,,,,,,,,n
102,,,,n,,,,,,,,,n,,n,,,n,,,,,,,,,,,,,,n,,,,n,n,,,n,,n,,,,,,,,n
103,,,,n,,,,,,,,,,,n,,,n,,,,,,,,,,,,,,n,,,,n,n,,,n,,n,,,,,,,,n
104,,,,n,,,,,,,,,,,n,,,n,,,,,,,,,,,,,,n,,,,n,n,,,n,,n,,,,,,,,n
105,,,,n,,,,,,,,,,,n,,,n,,,,,,,,,,,,,,attr,,,,n,n,,,n,,n,,,,,,,,n
106,,,,n,,,,,,,,,,,n,,,n,,,,,,,,,,,,,,n,,,,,n,,,,,,,,,,,,,n
107,,,,n,,,,,,,,,,,n,,,n,,,,,,,,,,,,,,n,,,,,n,,,,,,,,,,,,,n
108,,,,n,,,,,,,,,,,n,,,n,,,,,,,,,,,,,,n,,,,,n,,,,,,,,,,,,,n
109,,,,n,,,,,,,,,,,n,,,n,,,,,,,,,,,,,,n,,,,,n,,,,,,,,,,,,,n
110,,,,n,,,,,,,,,,,n,,,n,,,,,,,,,,,,,,n,,,,,n,,,,,,,,,,,,,n
111,,,,n,,,,,,,,,,,n,,,n,,,,,,,,,,,,,,n,,,,,n,,,,,,,,,,,,,n
112,,,,n,,,,,,,,,,,n,,,n,,,,,,,,,,,,,,,,,,,n,,,,,,,,,,,,,n
113,,,,n,,,,,,,,,,,n,,,n,,,,,,,,,,,,,,,,,,,n,,,,,,,,,,,,,n
114,,,,n,,,,,,,,,,,n,,,n,,,,,,,,,,,,,,,,,,,n,,,,,,,,,,,,,n
115,,,,n,,,,,,,,,,,n,,,n,,,,,,,,,,,,,,,,,,,n,,,,,,,,,,,,,n
116,,,,n,,,,,,,,,,,n,,,n,,,,,,,,,,,,,,,,,,,n,,,,,,,,,,,,,n
117,,,,n,,,,,,,,,,,n,,,n,,,,,,,,,,,,,,,,,,,n,,,,,,,,,,,,,n
118,,,,n,,,,,,,,,,,n,,,n,,,,,,,,,,,,,,,,,,,n,,,,,,,,,,,,,n
119,,,,n,,,,,,,,,,,n,,,n,,,,,,,,,,,,,,,,,,,n,,,,,,,,,,,,,n
120,,,,attr,,,,,,,,,,,n,,,n,,,,,,,,,,,,,,,,,,,n,,,,,,,,,,,,,n
121,,,,n,,,,,,,,,,,n,,,n,,,,,,,,,,,,,,,,,,,n,,,,,,,,,,,,,n
122,,,,n,,,,,,,,,,,n,,,n,,,,,,,,,,,,,,,,,,,n,,,,,,,,,,,,,n
123,,,,n,,,,,,,,,,,n,,,n,,,,,,,,,,,,,,,,,,,n,,,,,,,,,,,,,n
124,,,,n,,,,,,,,,,,n,,,n,,,,,,,,,,,,,,,,,,,n,,,,,,,,,,,,,n
125,,,,n,,,,,,,,,,,n,,,n,,,,,,,,,,,,,,,,,,,n,,,,,,,,,,,,,n
126,,,,n,,,,,,,,,,,n,,,n,,,,,,,,,,,,,,,,,,,n,,,,,,,,,,,,,n
127,,,,n,,,,,,,,,,,n,,,n,,,,,,,,,,,,,,,,,,,n,,,,,,,,,,,,,n
128,,,,n,,,,,,,,,,,n,,,n,,,,,,,,,,,,,,,,,,,n,,,,,,,,,,,,,n
129,,,,n,,,,,,,,,,,n,,,n,,,,,,,,,,,,,,,,,,,n,,,,,,,,,,,,,n
130,,,,n,,,,,,,,,,,n,,,n,,,,,,,,,,,,,,,,,,,,,,,,,,,,,,,,n
131,,,,n,,,,,,,,,,,attr,,,n,,,,,,,,,,,,,,,,,,,,,,,,,,,,,,,,n
132,,,,n,,,,,,,,,,,n,,,n,,,,,,,,,,,,,,,,,,,,,,,,,,,,,,,,n
133,,,,n,,,,,,,,,,,n,,,n,,,,,,,,,,,,,,,,,,,,,,,,,,,,,,,,n
134,,,,n,,,,,,,,,,,n,,,n,,,,,,,,,,,,,,,,,,,,,,,,,,,,,,,,n
135,,,,n,,,,,,,,,,,n,,,n,,,,,,,,,,,,,,,,,,,,,,,,,,,,,,,,n
136,,,,n,,,,,,,,,,,n,,,n,,,,,,,,,,,,,,,,,,,,,,,,,,,,,,,,n
137,,,,n,,,,,,,,,,,n,,,n,,,,,,,,,,,,,,,,,,,,,,,,,,,,,,,,n
138,,,,n,,,,,,,,,,,n,,,n,,,,,,,,,,,,,,,,,,,,,,,,,,,,,,,,n
139,,,,n,,,,,,,,,,,n,,,n,,,,,,,,,,,,,,,,,,,,,,,,,,,,,,,,n
140,,,,n,,,,,,,,,,,n,,,n,,,,,,,,,,,,,,,,,,,,,,,,,,,,,,,,n
141,,,,n,,,,,,,,,,,n,,,n,,,,,,,,,,,,,,,,,,,,,,,,,,,,,,,,n
142,,,,n,,,,,,,,,,,n,,,n,,,,,,,,,,,,,,,,,,,,,,,,,,,,,,,,n
143,,,,n,,,,,,,,,,,n,,,n,,,,,,,,,,,,,,,,,,,,,,,,,,,,,,,,n
144,,,,attr,,,,,,,,,,,n,,,n,,,,,,,,,,,,,,,,,,,,,,,,,,,,,,,,n
145,,,,n,,,,,,,,,,,n,,,n,,,,,,,,,,,,,,,,,,,,,,,,,,,,,,,,n
146,,,,n,,,,,,,,,,,n,,,n,,,,,,,,,,,,,,,,,,,,,,,,,,,,,,,,n
147,,,,n,,,,,,,,,,,n,,,n,,,,,,,,,,,,,,,,,,,,,,,,,,,,,,,,n
148,,,,n,,,,,,,,,,,n,,,n,,,,,,,,,,,,,,,,,,,,,,,,,,,,,,,,n
149,,,,n,,,,,,,,,,,n,,,n,,,,,,,,,,,,,,,,,,,,,,,,,,,,,,,,n
150,,,,n,,,,,,,,,,,n,,,n,,,,,,,,,,,,,,,,,,,,,,,,,,,,,,,,n
151,,,,n,,,,,,,,,,,n,,,n,,,,,,,,,,,,,,,,,,,,,,,,,,,,,,,,n
152,,,,n,,,,,,,,,,,n,,,n,,,,,,,,,,,,,,,,,,,,,,,,,,,,,,,,n
153,,,,n,,,,,,,,,,,n,,,n,,,,,,,,,,,,,,,,,,,,,,,,,,,,,,,,n
154,,,,n,,,,,,,,,,,n,,,n,,,,,,,,,,,,,,,,,,,,,,,,,,,,,,,,n
155,,,,n,,,,,,,,,,,n,,,n,,,,,,,,,,,,,,,,,,,,,,,,,,,,,,,,n
156,,,,n,,,,,,,,,,,n,,,n,,,,,,,,,,,,,,,,,,,,,,,,,,,,,,,,n
157,,,,n,,,,,,,,,,,n,,,n,,,,,,,,,,,,,,,,,,,,,,,,,,,,,,,,n
158,,,,n,,,,,,,,,,,n,,,n,,,,,,,,,,,,,,,,,,,,,,,,,,,,,,,,n
159,,,,n,,,,,,,,,,,n,,,n,,,,,,,,,,,,,,,,,,,,,,,,,,,,,,,,n
160,,,,n,,,,,,,,,,,n,,,n,,,,,,,,,,,,,,,,,,,,,,,,,,,,,,,,n
161,,,,n,,,,,,,,,,,n,,,n,,,,,,,,,,,,,,,,,,,,,,,,,,,,,,,,n
162,,,,n,,,,,,,,,,,n,,,n,,,,,,,,,,,,,,,,,,,,,,,,,,,,,,,,n
163,,,,n,,,,,,,,,,,n,,,n,,,,,,,,,,,,,,,,,,,,,,,,,,,,,,,,n
164,,,,n,,,,,,,,,,,n,,,n,,,,,,,,,,,,,,,,,,,,,,,,,,,,,,,,n
165,,,,n,,,,,,,,,,,n,,,n,,,,,,,,,,,,,,,,,,,,,,,,,,,,,,,,n
166,,,,n,,,,,,,,,,,n,,,,,,,,,,,,,,,,,,,,,,,,,,,,,,,,,,,n
167,,,,n,,,,,,,,,,,n,,,,,,,,,,,,,,,,,,,,,,,,,,,,,,,,,,,n
168,,,,n,,,,,,,,,,,n,,,,,,,,,,,,,,,,,,,,,,,,,,,,,,,,,,,n
169,,,,n,,,,,,,,,,,n,,,,,,,,,,,,,,,,,,,,,,,,,,,,,,,,,,,n
170,,,,n,,,,,,,,,,,n,,,,,,,,,,,,,,,,,,,,,,,,,,,,,,,,,,,n
171,,,,n,,,,,,,,,,,n,,,,,,,,,,,,,,,,,,,,,,,,,,,,,,,,,,,n
172,,,,n,,,,,,,,,,,n,,,,,,,,,,,,,,,,,,,,,,,,,,,,,,,,,,,n
173,,,,n,,,,,,,,,,,n,,,,,,,,,,,,,,,,,,,,,,,,,,,,,,,,,,,
174,,,,n,,,,,,,,,,,n,,,,,,,,,,,,,,,,,,,,,,,,,,,,,,,,,,,
175,,,,n,,,,,,,,,,,n,,,,,,,,,,,,,,,,,,,,,,,,,,,,,,,,,,,
176,,,,n,,,,,,,,,,,n,,,,,,,,,,,,,,,,,,,,,,,,,,,,,,,,,,,
177,,,,n,,,,,,,,,,,n,,,,,,,,,,,,,,,,,,,,,,,,,,,,,,,,,,,
178,,,,n,,,,,,,,,,,n,,,,,,,,,,,,,,,,,,,,,,,,,,,,,,,,,,,
179,,,,n,,,,,,,,,,,n,,,,,,,,,,,,,,,,,,,,,,,,,,,,,,,,,,,
180,,,,n,,,,,,,,,,,n,,,,,,,,,,,,,,,,,,,,,,,,,,,,,,,,,,,
181,,,,n,,,,,,,,,,,n,,,,,,,,,,,,,,,,,,,,,,,,,,,,,,,,,,,
182,,,,n,,,,,,,,,,,n,,,,,,,,,,,,,,,,,,,,,,,,,,,,,,,,,,,
183,,,,n,,,,,,,,,,,n,,,,,,,,,,,,,,,,,,,,,,,,,,,,,,,,,,,
184,,,,n,,,,,,,,,,,n,,,,,,,,,,,,,,,,,,,,,,,,,,,,,,,,,,,
185,,,,n,,,,,,,,,,,n,,,,,,,,,,,,,,,,,,,,,,,,,,,,,,,,,,,
186,,,,n,,,,,,,,,,,n,,,,,,,,,,,,,,,,,,,,,,,,,,,,,,,,,,,
187,,,,n,,,,,,,,,,,n,,,,,,,,,,,,,,,,,,,,,,,,,,,,,,,,,,,
188,,,,n,,,,,,,,,,,n,,,,,,,,,,,,,,,,,,,,,,,,,,,,,,,,,,,
189,,,,n,,,,,,,,,,,n,,,,,,,,,,,,,,,,,,,,,,,,,,,,,,,,,,,
190,,,,n,,,,,,,,,,,n,,,,,,,,,,,,,,,,,,,,,,,,,,,,,,,,,,,
191,,,,n,,,,,,,,,,,n,,,,,,,,,,,,,,,,,,,,,,,,,,,,,,,,,,,
192,,,,n,,,,,,,,,,,n,,,,,,,,,,,,,,,,,,,,,,,,,,,,,,,,,,,
193,,,,n,,,,,,,,,,,n,,,,,,,,,,,,,,,,,,,,,,,,,,,,,,,,,,,
194,,,,n,,,,,,,,,,,n,,,,,,,,,,,,,,,,,,,,,,,,,,,,,,,,,,,
195,,,,n,,,,,,,,,,,n,,,,,,,,,,,,,,,,,,,,,,,,,,,,,,,,,,,
196,,,,n,,,,,,,,,,,n,,,,,,,,,,,,,,,,,,,,,,,,,,,,,,,,,,,
197,,,,n,,,,,,,,,,,n,,,,,,,,,,,,,,,,,,,,,,,,,,,,,,,,,,,
198,,,,n,,,,,,,,,,,n,,,,,,,,,,,,,,,,,,,,,,,,,,,,,,,,,,,
199,,,,n,,,,,,,,,,,n,,,,,,,,,,,,,,,,,,,,,,,,,,,,,,,,,,,
200,,,,n,,,,,,,,,,,n,,,,,,,,,,,,,,,,,,,,,,,,,,,,,,,,,,,
201,,,,n,,,,,,,,,,,,,,,,,,,,,,,,,,,,,,,,,,,,,,,,,,,,,,
202,,,,n,,,,,,,,,,,,,,,,,,,,,,,,,,,,,,,,,,,,,,,,,,,,,,
203,,,,n,,,,,,,,,,,,,,,,,,,,,,,,,,,,,,,,,,,,,,,,,,,,,,
204,,,,n,,,,,,,,,,,,,,,,,,,,,,,,,,,,,,,,,,,,,,,,,,,,,,
205,,,,n,,,,,,,,,,,,,,,,,,,,,,,,,,,,,,,,,,,,,,,,,,,,,,
206,,,,n,,,,,,,,,,,,,,,,,,,,,,,,,,,,,,,,,,,,,,,,,,,,,,
207,,,,n,,,,,,,,,,,,,,,,,,,,,,,,,,,,,,,,,,,,,,,,,,,,,,
208,,,,n,,,,,,,,,,,,,,,,,,,,,,,,,,,,,,,,,,,,,,,,,,,,,,
209,,,,n,,,,,,,,,,,,,,,,,,,,,,,,,,,,,,,,,,,,,,,,,,,,,,
210,,,,n,,,,,,,,,,,,,,,,,,,,,,,,,,,,,,,,,,,,,,,,,,,,,,
211,,,,n,,,,,,,,,,,,,,,,,,,,,,,,,,,,,,,,,,,,,,,,,,,,,,
212,,,,n,,,,,,,,,,,,,,,,,,,,,,,,,,,,,,,,,,,,,,,,,,,,,,
213,,,,n,,,,,,,,,,,,,,,,,,,,,,,,,,,,,,,,,,,,,,,,,,,,,,
214,,,,n,,,,,,,,,,,,,,,,,,,,,,,,,,,,,,,,,,,,,,,,,,,,,,
215,,,,attr,,,,,,,,,,,,,,,,,,,,,,,,,,,,,,,,,,,,,,,,,,,,,,
216,,,,n,,,,,,,,,,,,,,,,,,,,,,,,,,,,,,,,,,,,,,,,,,,,,,
217,,,,n,,,,,,,,,,,,,,,,,,,,,,,,,,,,,,,,,,,,,,,,,,,,,,
218,,,,n,,,,,,,,,,,,,,,,,,,,,,,,,,,,,,,,,,,,,,,,,,,,,,
219,,,,n,,,,,,,,,,,,,,,,,,,,,,,,,,,,,,,,,,,,,,,,,,,,,,
220,,,,n,,,,,,,,,,,,,,,,,,,,,,,,,,,,,,,,,,,,,,,,,,,,,,
221,,,,n,,,,,,,,,,,,,,,,,,,,,,,,,,,,,,,,,,,,,,,,,,,,,,
222,,,,n,,,,,,,,,,,,,,,,,,,,,,,,,,,,,,,,,,,,,,,,,,,,,,
223,,,,n,,,,,,,,,,,,,,,,,,,,,,,,,,,,,,,,,,,,,,,,,,,,,,
